"Time (year)";"anchovy"
"0";"0.1065"
"0.041666668";"0.0962"
"0.083333336";"0.0806"
"0.125";"0.0459"
"0.16666667";"0.0268"
"0.20833333";"0.0092"
"0.25";"0.0107"
"0.29166666";"0.0089"
"0.33333334";"0.0055"
"0.375";"0.0016"
"0.41666666";"0.001"
"0.45833334";"0.0002"
"0.5";"0.0001"
"0.5416667";"0"
"0.5833333";"0"
"0.625";"0.0025"
"0.6666667";"0.0049"
"0.7083333";"0.039300003"
"0.75";"0.0712"
"0.7916667";"0.1001"
"0.8333333";"0.0971"
"0.875";"0.0948"
"0.9166667";"0.0954"
"0.9583333";"0.1013"
